3.0111331939697266	3.4359099864959717	4.736642360687256	2.397005081176758	3.724180221557617	-2.5366530418395996	4.897001266479492	1.1755945682525635	4.467839241027832	4.252106189727783	2.0213911533355713	4.475303649902344	5.205358505249023	2.262923002243042	6.299060821533203	6.041133880615234	3.0408716201782227	6.369365692138672	6.793909072875977	2.6275362968444824	3.658674478530884	6.315969467163086	-2.3105978965759277	5.603150367736816	3.0923285484313965	2.4169087409973145	3.5023133754730225	1.9706385135650635	1.710831880569458	-2.466665744781494	1.6779595613479614	0.6770144701004028	4.285854339599609	2.7592368125915527	1.9068043231964111	5.0610246658325195	1.6504322290420532	3.591212749481201	0.22725391387939453	4.551892280578613	-0.6811546087265015	-1.5487513542175293	1.371522068977356	-0.49009010195732117	3.6647279262542725	4.399403095245361	3.868027925491333	2.2639644145965576	2.834023952484131	3.2789387702941895	2.479846954345703	2.1994574069976807	2.1995530128479004	1.135129690170288	4.186851978302002	0.6684197187423706	1.891463041305542	2.988816022872925	0.5681120157241821	1.1569401025772095	2.5614142417907715	-4.173622131347656	3.146360158920288	3.15583872795105	0.03507830202579498	-1.2744898796081543	3.2792305946350098	4.234383583068848	2.955258369445801	1.974384069442749	0.8764376640319824	1.3799290657043457	2.93031644821167	2.7010579109191895	3.276538610458374	4.208212852478027	2.679879903793335	2.120948553085327	-0.48138684034347534	0.6094483137130737	2.013706684112549	0.6292186975479126	-0.6793488264083862	1.7916029691696167	4.667391300201416	1.946515679359436	1.5942413806915283	4.0373125076293945	2.9134387969970703	2.9594576358795166	4.468076705932617	3.4864206314086914	2.183756113052368	2.1113314628601074	-0.3564968705177307	1.8763203620910645	1.6166741847991943	0.1469653844833374	2.9524478912353516	4.011019706726074	1.904018759727478	4.816799163818359	2.7814958095550537	1.1482912302017212	6.139632225036621	5.423108100891113	3.4716293811798096	1.958156943321228	4.038506984710693	0.09736734628677368	5.832180023193359	2.342094898223877	3.1868338584899902	-0.42388278245925903	1.709993839263916	7.72205924987793	3.396796703338623	2.777444839477539	1.920706033706665	2.5199015140533447	2.4103434085845947	3.816272258758545	3.7230937480926514	1.6175768375396729	-0.03787350654602051	2.4669408798217773	3.448108673095703	4.997490882873535
4.524052619934082	4.005838394165039	2.0488574504852295	2.3403096199035645	5.110177040100098	-1.104372501373291	3.735943078994751	-6.800917148590088	3.0914130210876465	5.3683319091796875	-3.992429733276367	1.2828059196472168	2.9738597869873047	2.954547643661499	2.7543132305145264	2.875314235687256	1.4904162883758545	6.677361488342285	2.510408878326416	1.606128454208374	3.973318338394165	4.216400623321533	-0.757936954498291	1.6359026432037354	0.6046767234802246	3.211451768875122	0.6095519065856934	3.6922693252563477	4.335108280181885	-12.286822319030762	4.372611045837402	3.2872061729431152	2.9320688247680664	2.7022645473480225	2.2927212715148926	2.799032688140869	2.9877190589904785	4.279694557189941	2.0886788368225098	1.347494125366211	9.486457824707031	-1.8955453634262085	1.5774160623550415	-0.5787162184715271	3.4911913871765137	3.7306976318359375	5.102128982543945	1.5824286937713623	4.783289432525635	1.4300026893615723	2.6420140266418457	3.5528855323791504	0.11744523048400879	0.3317183256149292	2.316608190536499	2.687811851501465	0.9783877730369568	2.3342933654785156	1.7962183952331543	1.665306806564331	1.5906388759613037	3.9903182983398438	1.2237646579742432	2.8281943798065186	0.7276634573936462	1.4968454837799072	1.928822636604309	1.3717433214187622	0.8439350128173828	4.062382221221924	0.9652564525604248	3.4884023666381836	5.815639972686768	2.8857803344726562	3.921091079711914	1.2781810760498047	4.818544864654541	2.9219093322753906	2.30776309967041	4.799993515014648	1.0336048603057861	0.4338383376598358	1.5199298858642578	6.53719425201416	6.338759422302246	6.877619743347168	0.5275144577026367	1.8941316604614258	2.1576905250549316	3.371814727783203	3.4908623695373535	3.428558826446533	1.6474988460540771	3.667140483856201	-0.9572474956512451	3.361149787902832	7.385929107666016	4.8986663818359375	4.803840637207031	1.611067295074463	1.3774292469024658	2.846576690673828	4.4815850257873535	2.8487021923065186	1.136879801750183	3.2062692642211914	1.7912662029266357	5.816156387329102	6.090039253234863	1.4476194381713867	2.2767622470855713	2.4374308586120605	0.7927906513214111	5.502467632293701	3.0520405769348145	3.444349765777588	1.2998919486999512	4.1215739250183105	4.316280841827393	4.9067535400390625	2.6260054111480713	4.0813188552856445	3.4322028160095215	2.218248128890991	1.1147509813308716	3.5654518604278564	2.4250643253326416	2.27504301071167
2.735780715942383	2.4705331325531006	0.5214916467666626	2.0501601696014404	6.277947425842285	7.356438159942627	4.050848484039307	-16.75847816467285	2.0587668418884277	3.697972297668457	-0.843170166015625	2.452707290649414	3.0135159492492676	2.00592041015625	2.8354036808013916	1.1452314853668213	0.9524552822113037	3.314460277557373	1.4990770816802979	2.6119019985198975	4.581228733062744	4.859723091125488	4.672144412994385	0.4816598892211914	0.7521069049835205	3.2014174461364746	4.724928855895996	2.0561769008636475	1.2311680316925049	2.9597299098968506	2.9683964252471924	4.0905938148498535	5.823090076446533	6.924611568450928	2.9848368167877197	4.023138523101807	-1.6626330614089966	2.493032932281494	2.997015953063965	1.0513272285461426	3.9088730812072754	-0.7745410203933716	0.9349612593650818	-0.6694154143333435	3.573085069656372	3.9526479244232178	4.123250484466553	1.4012951850891113	2.976411819458008	2.440039873123169	2.365309715270996	0.9847753047943115	4.2337822914123535	4.918658256530762	1.7881193161010742	0.9254553318023682	-4.945001602172852	2.327453374862671	-2.496169328689575	1.1349064111709595	-7.7313995361328125	0.41401249170303345	3.700192928314209	4.33016300201416	2.312422752380371	0.944479763507843	6.283674240112305	5.0919036865234375	2.669633388519287	1.8538494110107422	2.6661479473114014	4.06464958190918	3.2589023113250732	3.610753059387207	4.886722087860107	4.425078868865967	4.009562969207764	1.1992906332015991	4.325839042663574	2.613959312438965	-1.4687814712524414	6.6415791511535645	2.8608570098876953	3.084014892578125	4.171900272369385	3.0904011726379395	1.4393589496612549	1.955979585647583	3.6843059062957764	2.307447910308838	5.377216339111328	1.0614159107208252	2.6619200706481934	3.35066819190979	-0.4593811333179474	3.4800126552581787	2.727595567703247	7.207553863525391	0.4225308895111084	2.989168167114258	8.523073196411133	4.545055389404297	5.960043430328369	-0.17928290367126465	1.9535408020019531	2.038591146469116	3.4834752082824707	1.9092400074005127	2.5058302879333496	3.267833709716797	2.6170668601989746	2.054762840270996	5.901953220367432	1.71854567527771	0.3993649482727051	2.6300315856933594	1.747328519821167	3.303740978240967	5.8025407791137695	2.162414789199829	2.5983800888061523	2.152211904525757	3.6290009021759033	2.058098793029785	2.5990278720855713	2.7057509422302246	4.365128040313721	2.1700737476348877
3.9667606353759766	2.4885947704315186	2.5861663818359375	2.0255115032196045	5.534507751464844	0.6526463031768799	0.6526579856872559	1.3654423952102661	1.840799331665039	2.302976608276367	-1.0821629762649536	5.023618221282959	0.46637165546417236	3.9992353916168213	1.0653871297836304	3.9225597381591797	4.8938140869140625	1.2244553565979004	3.664229154586792	5.149494171142578	3.850803852081299	3.4651007652282715	-0.7501232624053955	2.8071351051330566	3.935026168823242	3.3015263080596924	3.089301586151123	3.112607479095459	5.454009056091309	3.180567741394043	3.297912836074829	1.0205634832382202	3.8059685230255127	5.435009002685547	2.2156763076782227	4.305948257446289	-1.1558140516281128	3.5135202407836914	1.4514412879943848	5.19620943069458	1.5461262464523315	-5.453693389892578	5.745715141296387	-0.5550491213798523	1.9911912679672241	7.193697929382324	5.045805931091309	2.0067873001098633	2.5430920124053955	1.4960929155349731	1.2863943576812744	2.056751251220703	4.627079486846924	3.671692371368408	2.96354079246521	2.8389370441436768	0.8006357550621033	3.9713971614837646	-2.579796075820923	1.3650987148284912	-0.32373929023742676	1.5824249982833862	3.4698455333709717	5.9770307540893555	1.350398302078247	1.3784334659576416	1.2204662561416626	4.724131107330322	6.1679158210754395	4.454092979431152	4.341022968292236	4.986203670501709	2.502985715866089	4.072730541229248	3.9001030921936035	4.433472156524658	2.7382383346557617	4.775120258331299	1.5171445608139038	2.3931195735931396	1.0175907611846924	3.289019823074341	1.6589616537094116	4.742859363555908	2.069840431213379	4.995748043060303	3.65214204788208	2.616908311843872	3.829084873199463	1.5979950428009033	3.568157434463501	1.5584914684295654	4.6955366134643555	3.422255039215088	-0.2822854220867157	4.048534393310547	4.143263339996338	3.503720760345459	4.363861560821533	3.179492950439453	3.966826915740967	2.4051127433776855	0.5859034061431885	2.2231767177581787	1.5149497985839844	3.8582160472869873	3.332287549972534	2.5929207801818848	2.3536882400512695	2.0949416160583496	3.5542149543762207	1.7184815406799316	2.5654783248901367	4.439631462097168	2.9442765712738037	1.6225934028625488	1.7001090049743652	3.6217117309570312	1.1512441635131836	1.5340678691864014	2.525308609008789	4.903840065002441	3.7996280193328857	2.6676442623138428	3.5748775005340576	2.032559633255005	3.3062591552734375	0.8803195953369141
2.8073067665100098	1.304465413093567	1.7680819034576416	3.105987787246704	1.5264906883239746	-7.442346096038818	2.7481634616851807	1.2036857604980469	3.790168523788452	4.063823699951172	0.590436577796936	2.4962592124938965	1.87600576877594	4.341795921325684	3.5875463485717773	0.9130356311798096	4.776426792144775	4.564104080200195	3.9042186737060547	1.8570204973220825	3.4792933464050293	2.3914122581481934	-6.06688117980957	1.986835241317749	1.2783678770065308	4.594749450683594	2.3816616535186768	3.5431976318359375	1.2216787338256836	0.30673354864120483	1.8189377784729004	1.39788019657135	3.0056324005126953	2.8354287147521973	5.067905426025391	3.450881004333496	0.05452167987823486	4.463667869567871	-0.44360435009002686	2.337571144104004	5.668608665466309	0.99213707447052	-1.006783127784729	-0.2522284686565399	3.7456960678100586	5.766480445861816	3.244312286376953	0.8551373481750488	1.9221135377883911	2.9227657318115234	1.1936466693878174	1.4104200601577759	0.5554091930389404	2.380746603012085	3.20481014251709	4.409437656402588	2.8815877437591553	3.2637391090393066	-0.2624519467353821	4.552615642547607	7.6220808029174805	-0.44760662317276	1.9083060026168823	4.65065860748291	0.042836084961891174	1.0825743675231934	3.909411907196045	2.2482569217681885	2.1227517127990723	5.5554094314575195	1.7439937591552734	3.6954400539398193	3.9297804832458496	2.574082612991333	2.7263896465301514	2.4417917728424072	4.284024238586426	4.587034225463867	2.6173105239868164	3.6898491382598877	3.807338237762451	2.1832151412963867	5.322007656097412	2.482076644897461	5.051314353942871	2.2409987449645996	1.9188776016235352	3.549043893814087	4.015312194824219	5.365612506866455	3.641083002090454	2.7089056968688965	2.294464111328125	5.38689661026001	-0.5275757908821106	2.256549835205078	2.7449357509613037	0.836093544960022	2.9387733936309814	6.939972877502441	2.4740447998046875	3.4840128421783447	0.4751170873641968	3.6786551475524902	4.00389289855957	3.0872108936309814	3.223538637161255	3.4961800575256348	2.7621877193450928	1.330302119255066	3.222442865371704	2.337754726409912	3.111172676086426	2.838785171508789	1.0222878456115723	4.811434745788574	4.460885524749756	4.583241939544678	3.2723875045776367	3.102919816970825	3.8863117694854736	1.4241437911987305	1.2504606246948242	3.5172691345214844	0.08608770370483398	1.0087858438491821	3.4698071479797363	6.843962669372559
4.988642692565918	2.127265214920044	2.17691969871521	2.481318712234497	1.853041172027588	-5.637219429016113	3.508526086807251	1.9136295318603516	3.127347230911255	3.182584047317505	-3.002995729446411	1.8299760818481445	2.657651424407959	2.963003396987915	6.802408695220947	3.335048198699951	3.5888078212738037	1.6559507846832275	2.246394157409668	3.4615092277526855	4.191572189331055	1.215095043182373	4.842540264129639	2.126908302307129	2.3632559776306152	2.9495651721954346	3.6304824352264404	-0.007782697677612305	5.70821475982666	-6.270698547363281	1.860992193222046	0.6424782276153564	3.765054225921631	1.2082018852233887	2.0996875762939453	1.6158232688903809	3.7110633850097656	4.000225067138672	1.948969841003418	4.8902268409729	1.0971342325210571	1.145353078842163	-1.1915881633758545	-0.3405497670173645	4.164281368255615	1.1153311729431152	2.521118402481079	0.4466111660003662	6.382804870605469	3.391847610473633	2.04824161529541	2.5478196144104004	1.6641201972961426	1.7530992031097412	4.828050136566162	1.6925023794174194	-9.487680435180664	3.78670597076416	4.414556980133057	3.5020785331726074	3.2492218017578125	2.2321114540100098	1.4217026233673096	10.703031539916992	2.37158203125	0.20511525869369507	1.5133708715438843	2.798912286758423	3.60400652885437	2.0912435054779053	1.445739984512329	1.657982349395752	2.380843162536621	3.3932788372039795	2.2082624435424805	3.4212217330932617	3.3455262184143066	3.7030482292175293	2.863722801208496	1.249176025390625	2.9523775577545166	5.901797771453857	3.0802040100097656	3.738163471221924	3.4228172302246094	6.168912887573242	1.5978994369506836	2.6897287368774414	4.092433452606201	3.127775192260742	2.365490436553955	3.848883867263794	2.0253124237060547	0.8912217617034912	-0.6831403970718384	3.1346232891082764	5.150526523590088	5.639862060546875	3.456693410873413	3.076336622238159	2.5263826847076416	2.928203582763672	4.772855281829834	2.2233684062957764	3.7393758296966553	1.935291051864624	2.224552869796753	2.3822689056396484	4.08428430557251	6.596768379211426	3.5062179565429688	0.23142576217651367	5.96051025390625	4.242201328277588	1.8039849996566772	2.599684715270996	2.978895425796509	2.408148765563965	2.8455517292022705	1.8859856128692627	-0.9433331489562988	3.8419570922851562	4.458368301391602	3.0452799797058105	1.286008358001709	7.490039348602295	5.387230396270752	1.2954127788543701
4.735074996948242	4.168071746826172	1.48659348487854	1.8869856595993042	4.616370677947998	-4.195138931274414	4.9278669357299805	1.6605536937713623	0.8388676643371582	3.355984926223755	-5.004122734069824	3.4951605796813965	3.7031846046447754	1.586318016052246	3.4241576194763184	2.108304023742676	2.530282974243164	3.699798583984375	2.706066370010376	3.5998353958129883	2.043086528778076	5.176044464111328	5.621541500091553	1.8366787433624268	0.6270573139190674	2.338324546813965	-0.2137761116027832	4.665340900421143	7.173899173736572	2.4026598930358887	1.764266848564148	2.1081576347351074	2.8069474697113037	3.097123146057129	3.5272719860076904	8.492180824279785	-1.1047838926315308	4.377501010894775	6.90531063079834	2.9601776599884033	1.715522289276123	-3.1003050804138184	3.1095242500305176	-0.5042577385902405	2.434235095977783	2.8968162536621094	4.121697902679443	1.5666072368621826	2.7374963760375977	1.5011494159698486	3.0738654136657715	2.2553484439849854	2.511765480041504	2.909106731414795	3.5159592628479004	1.5512142181396484	-13.016752243041992	3.1426894664764404	-1.6141176223754883	1.1260448694229126	2.0320210456848145	4.494568347930908	3.4391143321990967	7.894534111022949	2.176159620285034	1.0812242031097412	0.4800992012023926	4.0310444831848145	6.848940849304199	1.9732400178909302	2.258242607116699	4.139499664306641	3.715650796890259	2.4140305519104004	3.1279211044311523	3.4422507286071777	5.197376251220703	1.6980597972869873	1.4463531970977783	2.448864221572876	2.583799362182617	1.465997338294983	1.1064138412475586	3.508502721786499	5.851383686065674	4.020442008972168	1.4522488117218018	3.7720823287963867	3.1002235412597656	1.55776047706604	3.2584590911865234	1.9580528736114502	-0.016902923583984375	3.200525999069214	-0.6097896695137024	2.1682746410369873	6.136120796203613	8.046626091003418	5.605046272277832	2.8349528312683105	1.6394779682159424	1.7518024444580078	2.874793529510498	1.3909831047058105	0.4729818105697632	3.6518359184265137	4.142557144165039	5.482670783996582	3.250058174133301	2.58972430229187	3.4850897789001465	2.5917632579803467	3.11159086227417	5.127595901489258	0.6101152896881104	3.1167612075805664	4.489014148712158	4.759106159210205	3.1538188457489014	2.531451463699341	0.7129620313644409	2.929616689682007	2.938619375228882	2.0990042686462402	2.4816951751708984	1.805375099182129	2.33695387840271	2.868626594543457
2.0095810890197754	2.3077549934387207	1.455296516418457	3.2635536193847656	4.329370975494385	-3.01102876663208	4.014695167541504	0.9937041997909546	4.521017551422119	3.001250982284546	11.55150032043457	2.239351511001587	3.360379695892334	0.7901763916015625	0.9497735500335693	5.055873870849609	0.6828951835632324	0.9884061813354492	2.9376325607299805	2.4559848308563232	1.784956455230713	1.1921944618225098	-1.9776990413665771	2.063053607940674	2.0147602558135986	0.9309873580932617	5.152149200439453	1.4553124904632568	2.1779863834381104	-10.178282737731934	3.2539916038513184	0.43574023246765137	2.4445722103118896	-0.004555702209472656	3.3510398864746094	2.915405750274658	5.409505367279053	4.169954299926758	5.477325439453125	1.2799100875854492	3.3939743041992188	2.7331061363220215	-2.731072187423706	-0.6670785546302795	0.5909323692321777	2.0138702392578125	3.9871861934661865	0.699293315410614	3.4096033573150635	-0.18257379531860352	5.000949859619141	-0.3878316879272461	2.25854229927063	4.836215972900391	3.0846621990203857	1.5042617321014404	1.9995267391204834	5.961856842041016	6.723114013671875	2.3499655723571777	3.2693190574645996	-28.61863136291504	1.7014579772949219	3.2669453620910645	1.7926685810089111	-12.602174758911133	-0.03160238265991211	3.459568500518799	3.0683813095092773	2.421872615814209	1.4586539268493652	1.0663824081420898	2.858455181121826	4.475195407867432	2.9628541469573975	3.7009527683258057	2.458662986755371	6.6623382568359375	7.901525020599365	6.27095890045166	7.822824001312256	3.2699134349823	4.087230682373047	3.737973690032959	2.0652356147766113	7.772740364074707	2.2353901863098145	2.87221622467041	1.761033296585083	2.619333505630493	3.0539069175720215	-0.5191464424133301	6.727770805358887	3.4943904876708984	-0.9064944386482239	1.6021449565887451	4.302032947540283	0.6571105718612671	3.5200181007385254	2.919234037399292	2.1002049446105957	3.476027488708496	1.9826817512512207	1.1002192497253418	0.8952760696411133	3.0098843574523926	1.831763744354248	5.747498512268066	2.1430649757385254	2.615746259689331	2.33394455909729	0.23126256465911865	3.7542872428894043	1.4714133739471436	5.537955284118652	2.020909070968628	1.8785549402236938	2.5113954544067383	1.3081085681915283	0.28341665863990784	1.4505711793899536	1.7356529235839844	7.818180084228516	2.0520074367523193	2.4517178535461426	2.0132386684417725	2.6580862998962402	3.009190797805786
3.2455289363861084	4.297528266906738	4.742511749267578	0.960378885269165	2.6968917846679688	1.4555509090423584	3.805112361907959	1.0444934368133545	4.157073974609375	2.985097646713257	-1.1714106798171997	1.8846869468688965	1.7113736867904663	1.5107368230819702	3.7203073501586914	4.096134662628174	3.1555795669555664	6.944146156311035	2.821322202682495	1.3009464740753174	5.886332035064697	4.260847091674805	-4.080341339111328	3.474888801574707	4.411663055419922	4.003465175628662	1.4724433422088623	1.1594340801239014	2.1883387565612793	2.2194581031799316	1.7786452770233154	3.093700408935547	3.940316677093506	0.5885483026504517	4.397552490234375	1.9375014305114746	-0.9587270021438599	3.94720196723938	3.5268335342407227	2.6675705909729004	2.2694153785705566	0.31800615787506104	-0.3736504316329956	-0.43857893347740173	3.268470287322998	4.186784267425537	6.706231594085693	1.0928077697753906	4.567746162414551	3.708941698074341	3.4397215843200684	1.2162985801696777	4.539585113525391	5.501185417175293	3.3979454040527344	3.6940255165100098	2.1532294750213623	5.451801300048828	-1.6722526550292969	3.041905403137207	-1.3332607746124268	1.2778489589691162	2.493533134460449	3.051133632659912	0.8802098631858826	1.3099250793457031	3.9940834045410156	2.625197172164917	3.7627248764038086	1.0718050003051758	2.954860210418701	3.358922243118286	3.9512393474578857	3.1812777519226074	5.796287536621094	3.839138984680176	2.776949167251587	1.7050371170043945	1.2630029916763306	0.6291136741638184	2.6130659580230713	2.9149837493896484	1.604414939880371	3.3734922409057617	4.902528762817383	2.5118486881256104	2.262077569961548	5.298293590545654	2.8798890113830566	2.585481643676758	2.185229539871216	2.3513269424438477	4.268773078918457	0.8650612831115723	-0.48314914107322693	1.663809061050415	2.5823707580566406	0.8884559869766235	2.513974666595459	4.48457670211792	4.390031337738037	3.4960107803344727	5.5044074058532715	2.1654295921325684	4.025063514709473	1.7696738243103027	1.6868045330047607	1.4009133577346802	3.214445114135742	1.4769145250320435	1.5510940551757812	4.5757951736450195	4.211556911468506	4.650361061096191	2.82839298248291	6.991389274597168	1.3038911819458008	3.2352216243743896	6.164094924926758	3.074584722518921	0.5288734436035156	2.8944129943847656	3.16790509223938	2.5221216678619385	2.625847816467285	2.7839386463165283	4.1028852462768555	3.684323787689209
1.854968786239624	4.5797319412231445	3.361703872680664	0.7385542392730713	2.6116881370544434	7.387217044830322	3.082859992980957	-27.518814086914062	1.597160816192627	5.987456798553467	3.79714298248291	2.1859240531921387	11.101073265075684	0.5839757919311523	1.311958909034729	2.6989636421203613	4.490365028381348	2.55118989944458	2.127140522003174	1.8674957752227783	0.9186503887176514	1.541017770767212	5.036165714263916	1.9795866012573242	1.4702084064483643	4.533374786376953	-0.13741731643676758	3.805664539337158	1.5345778465270996	-14.123934745788574	2.673797845840454	4.492180824279785	0.2856755256652832	2.0604453086853027	1.9059736728668213	2.1186113357543945	6.106489181518555	3.094877004623413	5.7414445877075195	3.4470691680908203	3.2851200103759766	7.252660751342773	-7.5272417068481445	-0.9902225136756897	2.1787238121032715	0.3410301208496094	2.907862663269043	0.6334850788116455	-0.3725457191467285	1.8557026386260986	4.096592903137207	0.43795156478881836	4.24758243560791	0.44017910957336426	3.9022932052612305	1.9446077346801758	-6.809664726257324	0.3069887161254883	7.826895236968994	0.7784518003463745	-7.952396392822266	-9.162094116210938	3.685838222503662	-1.1612932682037354	3.6880717277526855	-5.487665176391602	-1.157278299331665	6.7560038566589355	2.7022910118103027	2.710068702697754	2.6452949047088623	0.16210222244262695	3.010744571685791	6.537115097045898	2.577749252319336	2.07460880279541	0.4174635410308838	1.8648123741149902	0.44050538539886475	4.763959884643555	4.817262172698975	0.2891729474067688	7.455996036529541	2.2652182579040527	3.5400328636169434	3.443817615509033	3.1348299980163574	6.615206718444824	1.7981090545654297	2.73525071144104	3.8991942405700684	3.3010025024414062	4.437593460083008	2.442470073699951	-1.2959200143814087	1.3597314357757568	1.137354850769043	4.0830397605896	1.7990719079971313	1.633166790008545	2.5878076553344727	4.1819281578063965	2.6531314849853516	1.701697826385498	2.5328052043914795	2.3571317195892334	4.966377258300781	4.646472454071045	1.6535365581512451	3.0314395427703857	5.089900493621826	6.244899749755859	-0.08624076843261719	5.095462322235107	2.900306463241577	2.730048418045044	9.793523788452148	5.757984161376953	1.2517306804656982	2.4904119968414307	3.3869848251342773	1.6271158456802368	6.293739318847656	0.16286396980285645	0.4281160831451416	3.778275966644287	1.275284767150879	5.229557037353516
1.945850133895874	6.205287933349609	3.2456538677215576	2.8965961933135986	4.147690296173096	1.0297216176986694	1.7350139617919922	1.484886884689331	1.4759433269500732	4.089407444000244	-1.6908317804336548	4.006472110748291	1.3097127676010132	2.4661619663238525	1.9426826238632202	3.6065611839294434	4.1175384521484375	5.973313331604004	3.066131591796875	4.174473762512207	3.4299874305725098	3.804450273513794	1.3283787965774536	3.3112778663635254	3.854991912841797	3.7635486125946045	1.6176869869232178	2.5419211387634277	5.711543083190918	0.5989403128623962	2.3207454681396484	0.5209709405899048	3.4930789470672607	4.17944860458374	6.733527183532715	6.000330924987793	0.5122657418251038	4.689301013946533	2.237069606781006	5.508566856384277	0.7838999629020691	-4.439267158508301	4.513131618499756	-0.262969970703125	2.095139741897583	5.727834701538086	4.998249053955078	1.8589763641357422	2.61006760597229	2.179602861404419	2.194206714630127	1.3023356199264526	4.6529860496521	3.1439647674560547	1.4584521055221558	3.3644003868103027	-1.5329780578613281	2.903888702392578	-0.105929434299469	2.7856781482696533	-0.7708539962768555	1.7509987354278564	2.7537736892700195	6.442487716674805	0.3182321786880493	1.3618614673614502	0.8699924945831299	2.1310691833496094	6.103588581085205	4.327534198760986	4.004479885101318	0.8061778545379639	3.3608412742614746	4.354346752166748	3.565476179122925	6.537787914276123	1.9488708972930908	3.222660541534424	1.6617741584777832	1.9554309844970703	2.4081015586853027	3.302388906478882	2.525348663330078	4.875631332397461	2.3044047355651855	4.691680431365967	4.042004108428955	2.9306206703186035	1.4185268878936768	3.027723789215088	2.6638922691345215	3.3207340240478516	3.168304920196533	3.045255422592163	-0.3770214319229126	5.784523010253906	4.1317243576049805	0.5185633897781372	4.899555206298828	4.382352828979492	2.8791587352752686	2.021821975708008	0.8785293102264404	2.1224050521850586	1.2722375392913818	2.4297189712524414	2.2967147827148438	3.562345027923584	0.9244771003723145	1.5379151105880737	4.691259384155273	2.0209076404571533	3.7075133323669434	2.417370319366455	2.51171875	1.9751876592636108	3.058739423751831	2.4006567001342773	0.8233168125152588	1.7598538398742676	1.879867434501648	4.94376802444458	2.6871707439422607	1.6603147983551025	2.292872905731201	0.6421928405761719	4.691054821014404	2.097194194793701
1.9479749202728271	2.629580497741699	4.801922798156738	4.93290901184082	2.5237200260162354	-5.007580280303955	5.3875579833984375	3.0075459480285645	3.7703371047973633	3.733550786972046	-1.3460201025009155	3.592297315597534	0.44970500469207764	2.871068239212036	3.9579334259033203	1.2827246189117432	2.579251766204834	4.341595649719238	1.6137746572494507	0.27801311016082764	3.697169542312622	2.316025733947754	4.7460150718688965	2.5582213401794434	3.52130389213562	4.202139854431152	6.733051300048828	0.6783640384674072	2.8737807273864746	-2.2822186946868896	2.4165027141571045	-0.05081474035978317	6.003864288330078	0.26648592948913574	2.0032386779785156	2.026883363723755	2.163632392883301	6.740520477294922	2.3772940635681152	4.30480432510376	2.0492238998413086	-1.526749610900879	1.7513309717178345	-0.5593791007995605	4.365508079528809	1.4286584854125977	1.621261477470398	0.19327855110168457	1.600527286529541	0.9640614986419678	4.787208080291748	4.724603176116943	0.8336431980133057	3.1955835819244385	2.797853708267212	2.214747428894043	-10.620344161987305	1.824263334274292	1.4624338150024414	2.1467673778533936	4.341828346252441	1.4482825994491577	3.749389171600342	4.397749900817871	2.717971086502075	1.1384949684143066	1.9892855882644653	4.029029846191406	4.079752445220947	3.308600425720215	0.5134353637695312	3.861332416534424	3.0450921058654785	1.9917101860046387	5.060825347900391	3.4216489791870117	4.34677267074585	1.512669324874878	3.4412405490875244	2.2898616790771484	3.809818983078003	2.2692854404449463	2.191117525100708	3.2377965450286865	2.403385877609253	2.714552879333496	3.821866989135742	2.3913424015045166	4.284866809844971	6.555894374847412	2.540315628051758	2.4311020374298096	4.772810459136963	2.27097225189209	-0.577616810798645	1.8362783193588257	3.5608437061309814	-0.6300488114356995	2.6399099826812744	3.328087568283081	0.948655366897583	7.589329719543457	2.9519095420837402	2.9790701866149902	0.23120832443237305	2.2475881576538086	4.877383708953857	3.2082419395446777	4.140710353851318	2.7149059772491455	3.4278512001037598	3.8958170413970947	4.733226299285889	3.0262107849121094	3.573474884033203	3.196469783782959	5.276754379272461	2.569585084915161	2.3354427814483643	2.9005160331726074	2.248610019683838	1.5120079517364502	2.004983901977539	1.896103858947754	5.088226795196533	3.3795392513275146	1.985295295715332	1.3275187015533447
0.5363340377807617	2.869859457015991	5.748538494110107	3.6751270294189453	2.9141745567321777	-0.2899109125137329	4.816380023956299	-14.155376434326172	0.44983673095703125	5.623364448547363	1.8068715333938599	3.778568983078003	3.2963414192199707	2.8853282928466797	3.5558114051818848	1.874848484992981	0.07851219177246094	1.5787156820297241	3.647235870361328	2.708794116973877	0.9694466590881348	3.5091440677642822	-12.317862510681152	2.4392006397247314	2.858337879180908	4.803159713745117	5.105459213256836	2.6505651473999023	1.8899874687194824	-1.53955078125	5.402057647705078	5.205989837646484	1.6787919998168945	-0.2656869888305664	2.9364492893218994	2.5622987747192383	1.3580269813537598	3.3896536827087402	0.9372866749763489	3.1620519161224365	5.596503257751465	-6.241382598876953	6.0847673416137695	-0.971020519733429	7.296505928039551	0.1144094467163086	0.46349620819091797	1.3479852676391602	0.07111406326293945	2.587294101715088	4.476901054382324	2.19512939453125	3.595165491104126	5.250079154968262	1.5389180183410645	2.797077178955078	8.516176223754883	1.163393497467041	1.4274290800094604	2.8112504482269287	0.18677234649658203	-4.247269630432129	2.1934332847595215	2.1954410076141357	3.929680824279785	-2.812814950942993	6.007525444030762	2.946013927459717	3.444072961807251	2.881228446960449	1.948054313659668	2.4615283012390137	1.6107532978057861	5.791225433349609	2.6936159133911133	1.9700617790222168	1.7104883193969727	3.8401925563812256	7.7827630043029785	1.119845986366272	3.937718391418457	0.7105122804641724	4.604264259338379	3.3746984004974365	1.1730687618255615	1.2941982746124268	2.3018579483032227	4.678264617919922	3.820990562438965	2.271632432937622	2.7279415130615234	2.927163600921631	4.1524529457092285	6.62192964553833	-1.1253446340560913	1.7299602031707764	2.531867504119873	0.5827418565750122	4.062097549438477	2.598811149597168	1.0333166122436523	3.671935558319092	3.8752083778381348	1.7646491527557373	2.4716029167175293	4.913319110870361	2.1192002296447754	1.8769946098327637	2.5221920013427734	7.093626976013184	3.2174696922302246	5.015307903289795	2.4194817543029785	0.6330618858337402	3.0109596252441406	2.7944459915161133	1.9875540733337402	8.419698715209961	2.1858069896698	3.2047109603881836	1.7424306869506836	1.0959903001785278	1.5453801155090332	4.480989933013916	5.487187385559082	0.3444218337535858	2.599419593811035	5.609976291656494
1.215841293334961	3.019063949584961	1.7873212099075317	3.629148006439209	4.311990261077881	-6.043163776397705	1.7882862091064453	-1.9767183065414429	2.0507938861846924	1.4834942817687988	-4.551652908325195	1.299593210220337	5.340232849121094	4.152559280395508	9.457585334777832	3.7394394874572754	6.062349319458008	4.874987602233887	2.3685028553009033	5.227593421936035	2.969003677368164	3.3221471309661865	2.7173173427581787	1.2339787483215332	4.809301853179932	2.0896527767181396	1.5287399291992188	1.8782572746276855	5.6018171310424805	-14.613544464111328	0.32632017135620117	2.6337733268737793	2.611274242401123	1.5776028633117676	0.20258712768554688	1.0650241374969482	6.5328826904296875	1.144024133682251	5.909730434417725	3.9842963218688965	1.0188828706741333	-6.8585286140441895	6.533237934112549	-1.0113716125488281	4.435896396636963	9.268774032592773	4.472568988800049	1.7638580799102783	3.6654975414276123	2.0324912071228027	4.539644241333008	1.482168197631836	2.7819557189941406	0.7129408121109009	4.045908451080322	1.1878376007080078	-6.505770206451416	3.259129047393799	4.009601593017578	2.590690851211548	5.495294570922852	4.039697647094727	5.450650215148926	2.2837071418762207	2.867105722427368	1.1808866262435913	-0.4741480350494385	4.878168106079102	1.1392567157745361	0.9116072654724121	2.635629653930664	2.0267534255981445	7.776812553405762	2.018023729324341	1.1137375831604004	1.1097614765167236	3.426145315170288	2.718583106994629	0.048646822571754456	2.4689223766326904	1.5545636415481567	4.035435676574707	5.183766841888428	3.6337289810180664	5.595522880554199	6.380898475646973	1.044250249862671	4.301156044006348	1.764101505279541	0.7824444770812988	1.858963966369629	1.6907286643981934	1.5497379302978516	1.5407874584197998	-0.9136843681335449	2.583367347717285	3.3847718238830566	6.555272102355957	1.8918757438659668	2.496739149093628	1.2399461269378662	1.2495172023773193	3.2601914405822754	5.091268539428711	2.3027565479278564	3.9169421195983887	2.090507745742798	3.8022947311401367	2.3740506172180176	1.7861090898513794	3.6182610988616943	1.0436779260635376	1.3811836242675781	7.254311561584473	1.8264122009277344	2.424858570098877	0.7700471878051758	2.845470905303955	1.95357346534729	6.120018005371094	4.554779529571533	3.1046531200408936	3.452521800994873	3.9042887687683105	3.835986375808716	5.470815181732178	2.9373929500579834	1.189115047454834
3.0848748683929443	1.9623942375183105	5.599407196044922	3.8633408546447754	5.669808864593506	-2.7843241691589355	2.9242489337921143	-6.596924781799316	0.859776496887207	1.1904749870300293	-1.0021657943725586	3.40682315826416	4.780855178833008	3.2937545776367188	6.9822187423706055	2.1007890701293945	1.718902587890625	8.70305061340332	3.051276445388794	3.230323314666748	3.4644787311553955	3.314554452896118	-2.360499143600464	3.1100614070892334	5.827943801879883	6.36646842956543	2.9944543838500977	3.2587695121765137	1.704319715499878	-7.799105167388916	2.249725818634033	0.5092402696609497	2.6771249771118164	2.3589980602264404	1.9336978197097778	2.9342763423919678	3.1771721839904785	4.168867111206055	1.327660322189331	3.6572251319885254	4.370713233947754	-3.5242538452148438	3.54770565032959	-0.5485992431640625	3.306953191757202	2.3229708671569824	3.4015629291534424	1.3200424909591675	3.3072853088378906	3.255237579345703	2.8621301651000977	4.752551555633545	1.6814005374908447	1.1556446552276611	2.692850112915039	2.2090301513671875	2.3809375762939453	1.824420690536499	3.035184144973755	1.4480681419372559	3.018765926361084	0.894761860370636	4.788912773132324	1.8538981676101685	3.3680083751678467	0.4924651086330414	2.5728702545166016	1.6639468669891357	2.0504050254821777	1.5090065002441406	4.859265327453613	0.6236999034881592	3.274564266204834	3.579497814178467	3.5116055011749268	2.4657957553863525	2.584658622741699	2.2090373039245605	0.073724165558815	-0.0681229829788208	0.1370542049407959	1.2214192152023315	2.760859966278076	1.3591364622116089	4.379344940185547	-1.3163845539093018	3.245114803314209	4.442980766296387	2.477642297744751	2.8327248096466064	5.39198112487793	2.059096336364746	1.336517572402954	3.8385350704193115	-0.7113227248191833	0.518047571182251	1.1842200756072998	2.6362953186035156	3.727623462677002	3.1629509925842285	3.603604316711426	5.008450031280518	0.9896751642227173	2.298710823059082	3.7195210456848145	5.558557033538818	3.5966243743896484	3.1542699337005615	4.592429161071777	1.8550606966018677	5.461623668670654	3.9457168579101562	1.7365937232971191	2.7460126876831055	3.2097666263580322	4.157934665679932	1.9140008687973022	1.9753494262695312	3.379913568496704	2.8451626300811768	3.402777910232544	3.8953490257263184	1.1530351638793945	9.427096366882324	1.8120909929275513	6.163458824157715	5.420711994171143	3.6591415405273438
1.8884952068328857	3.5936179161071777	2.0621554851531982	1.267822265625	0.7985718250274658	0.6449651718139648	4.628174781799316	-8.478631973266602	5.006628036499023	2.3627920150756836	11.237273216247559	0.37540507316589355	3.0390782356262207	1.2464148998260498	0.3939332962036133	1.7368898391723633	2.704547643661499	1.407677412033081	2.549832344055176	2.505195140838623	2.4201302528381348	0.48975157737731934	-2.7234840393066406	1.464402675628662	1.029125690460205	1.424372911453247	2.9460532665252686	6.640800952911377	1.9050201177597046	-19.421924591064453	4.57424783706665	4.7237091064453125	1.8247346878051758	2.7520909309387207	0.9961099624633789	0.5840985774993896	6.553526878356934	2.104745864868164	6.275045394897461	0.8217682838439941	7.679971218109131	3.3728671073913574	-3.545088768005371	-1.0047842264175415	0.44719600677490234	0.34343433380126953	2.745028495788574	-0.1816725730895996	1.9202576875686646	0.9616506099700928	2.6327993869781494	1.5362796783447266	4.610854148864746	7.261820316314697	0.7609596252441406	3.4702963829040527	2.9470419883728027	3.057194471359253	12.079087257385254	1.8698956966400146	-0.4195230007171631	-22.317468643188477	-0.43228816986083984	2.4591598510742188	2.500337839126587	-7.251032829284668	0.963958740234375	5.439300537109375	1.984313726425171	2.979566812515259	0.9144890308380127	1.853391170501709	1.8039047718048096	0.46366405487060547	3.2290282249450684	0.8616511821746826	1.3359692096710205	6.003676414489746	6.217214107513428	7.480547904968262	4.504761695861816	2.440852403640747	6.0252461433410645	6.314275741577148	-0.09018731117248535	7.837834358215332	2.5218427181243896	1.4448208808898926	1.4198098182678223	3.1140522956848145	0.6204991340637207	2.1197643280029297	6.956323623657227	2.9438161849975586	-1.5126174688339233	5.5088958740234375	3.042044162750244	3.286316394805908	1.2883679866790771	1.519876480102539	2.62229061126709	1.7909283638000488	1.942812204360962	1.170242190361023	2.4555721282958984	2.282363176345825	0.3465118408203125	7.00594425201416	2.8760130405426025	1.3225239515304565	1.7108869552612305	1.573239803314209	2.0344183444976807	4.296252727508545	10.040666580200195	2.2073819637298584	4.082298755645752	3.0148701667785645	2.401808977127075	2.792673349380493	3.2507715225219727	1.996775507926941	5.357745170593262	1.0559675693511963	2.4489076137542725	1.4594297409057617	1.182523488998413	4.087695598602295
4.264405250549316	6.334873199462891	3.648810386657715	3.2860944271087646	1.625931978225708	-2.2642126083374023	3.8742547035217285	1.0983667373657227	2.7825241088867188	4.296664237976074	-0.8679450750350952	4.511547565460205	2.8749022483825684	4.077877998352051	4.92179012298584	3.207730293273926	0.504187822341919	6.503604888916016	6.0932111740112305	1.6811107397079468	2.862814426422119	6.047667503356934	-7.013266563415527	3.4034605026245117	4.654726028442383	2.7219138145446777	3.114243984222412	4.1144914627075195	3.1049611568450928	1.4959371089935303	2.7186598777770996	2.6135318279266357	3.4670603275299072	2.1592400074005127	1.931571364402771	3.439647674560547	-0.7556325197219849	3.618457555770874	-0.05952179431915283	2.654914617538452	3.449673652648926	-1.1184378862380981	1.3518891334533691	-0.5596784949302673	4.466951370239258	2.9235267639160156	1.870948314666748	1.8420867919921875	4.756679058074951	4.489383220672607	3.220202922821045	1.568227767944336	2.5914578437805176	-0.20870471000671387	3.401468276977539	1.8730225563049316	4.749055862426758	1.0306718349456787	-0.9869431853294373	2.0627501010894775	2.369419574737549	1.4040886163711548	7.732301712036133	2.866097927093506	0.6148756146430969	0.4214603900909424	3.5624516010284424	1.2446216344833374	4.59006929397583	4.10573673248291	2.895418643951416	3.1064960956573486	3.068845510482788	2.348234176635742	3.484919548034668	3.2014522552490234	2.517991065979004	2.7785472869873047	2.3651061058044434	3.428338050842285	2.0350840091705322	3.9059817790985107	1.3282266855239868	3.242893695831299	0.8143234252929688	1.49442458152771	2.4424843788146973	2.398784637451172	3.9554505348205566	3.537707805633545	6.799503326416016	2.1497011184692383	2.9498350620269775	3.3483245372772217	-0.6210603713989258	2.053835153579712	1.5053198337554932	4.667334079742432	2.1707162857055664	4.797330379486084	1.9582313299179077	3.1078784465789795	3.9239542484283447	1.9572691917419434	6.553950309753418	5.362658500671387	2.6875991821289062	-0.16380739212036133	4.4547648429870605	2.657182216644287	3.5359601974487305	2.157104015350342	4.660165309906006	2.5437982082366943	1.9345064163208008	4.643228054046631	1.7758238315582275	3.2346348762512207	2.3740971088409424	3.3363099098205566	2.5365216732025146	3.189323663711548	4.920446395874023	4.357328414916992	2.0883030891418457	2.402902126312256	2.164344549179077	2.440661907196045
4.104267597198486	2.807006359100342	2.3310294151306152	2.9469051361083984	3.923706293106079	2.133176803588867	2.9971389770507812	0.40024250745773315	2.250178337097168	2.6580820083618164	-0.7570172548294067	4.816576957702637	-0.016315937042236328	3.0059447288513184	2.600835084915161	3.7885348796844482	3.275424003601074	2.5135607719421387	3.398670196533203	3.538999080657959	2.595407485961914	8.358987808227539	-2.7846603393554688	2.105280637741089	6.00199031829834	3.7662768363952637	2.8997178077697754	3.874173641204834	1.9619338512420654	-0.4455597996711731	3.230088949203491	2.5443055629730225	3.672431707382202	2.1025280952453613	1.1261296272277832	4.177408218383789	0.6080672144889832	2.061967372894287	2.142571449279785	3.4897327423095703	2.7677955627441406	-3.9718546867370605	4.287205219268799	-0.6320348381996155	5.876660346984863	4.8201775550842285	2.1459944248199463	1.1065278053283691	5.541922092437744	2.861117362976074	4.335391044616699	1.694455623626709	4.090956211090088	1.3445427417755127	1.2795507907867432	0.7490007877349854	2.922607660293579	7.240813255310059	0.4556543231010437	2.155327081680298	-1.8239245414733887	1.4904237985610962	7.2101945877075195	1.1226813793182373	1.116631269454956	0.9298232197761536	2.7813234329223633	1.6421680450439453	4.699782371520996	4.018574237823486	1.9848198890686035	3.726984739303589	4.5731730461120605	3.1823062896728516	2.922651767730713	2.623004198074341	0.7686240673065186	2.464327573776245	1.2524737119674683	1.6539993286132812	2.4071567058563232	3.801621913909912	1.2084640264511108	4.300764560699463	0.8510963916778564	3.123274803161621	5.08711051940918	2.423555374145508	3.4437472820281982	2.6959095001220703	5.282153606414795	3.511803150177002	3.296506404876709	3.8207874298095703	-0.33719053864479065	3.6901886463165283	3.193305015563965	4.092607021331787	1.9732840061187744	5.790195465087891	3.344325542449951	2.4005277156829834	2.617180585861206	1.9589625597000122	2.6200883388519287	6.083438873291016	2.9857494831085205	2.930596351623535	6.261704444885254	2.6227684020996094	3.444979190826416	1.6029400825500488	3.506500005722046	0.8292953372001648	1.5557663440704346	2.415699005126953	1.2207825183868408	2.0583529472351074	2.2195963859558105	0.41426146030426025	1.0799882411956787	6.024147033691406	4.3141045570373535	4.407045841217041	5.642433166503906	0.09553572535514832	1.4406967163085938	2.273545742034912
2.137744426727295	6.097733974456787	4.82584810256958	1.994956135749817	4.720522880554199	2.15447998046875	1.7812743186950684	0.847444474697113	1.8456603288650513	3.1446642875671387	-1.1130868196487427	4.3597283363342285	1.4351130723953247	2.425555467605591	1.48296320438385	3.5013060569763184	5.2281270027160645	3.873317241668701	2.310466766357422	4.769497394561768	3.665135383605957	2.9381680488586426	0.0024307668209075928	2.303678274154663	4.590313911437988	3.541511058807373	1.6294617652893066	3.0428519248962402	5.910953521728516	3.261861801147461	3.326892614364624	0.7423521280288696	3.6758880615234375	4.570781707763672	5.119564056396484	7.14337682723999	-1.1308869123458862	6.963245868682861	2.007783889770508	4.990589141845703	1.507407307624817	-4.949432373046875	5.264403343200684	-0.48849689960479736	1.2420289516448975	7.353852272033691	5.4224700927734375	1.9921584129333496	2.0741920471191406	1.7310880422592163	2.6241533756256104	1.9652481079101562	4.5027642250061035	4.474521160125732	1.9222848415374756	2.793074607849121	-0.08662891387939453	5.166718006134033	-2.512284755706787	1.9287691116333008	-1.9373843669891357	1.5742979049682617	2.354257583618164	5.1823625564575195	-0.1425429731607437	1.0291447639465332	1.781348705291748	5.0061564445495605	6.181972503662109	4.219491004943848	4.596770286560059	2.7625718116760254	2.0559325218200684	4.4611124992370605	4.012089252471924	4.136353015899658	1.1149663925170898	4.666884422302246	0.9888815879821777	2.2213778495788574	0.9000813961029053	4.100341320037842	2.8395836353302	5.592588901519775	2.220254421234131	4.464687347412109	3.429675579071045	2.1445984840393066	3.062382936477661	1.9627752304077148	1.8523037433624268	2.859164237976074	4.060593128204346	3.798245429992676	-0.26674067974090576	4.281789779663086	3.421643018722534	2.9863319396972656	3.711240291595459	4.452397346496582	2.595440149307251	2.8292288780212402	1.2806131839752197	2.010068893432617	1.331587314605713	1.9315414428710938	2.3183512687683105	1.7004889249801636	1.5300180912017822	2.2614197731018066	2.9281954765319824	1.7587062120437622	3.1860077381134033	4.1370649337768555	2.6429221630096436	2.6740641593933105	2.4701528549194336	2.297389030456543	1.1486356258392334	1.4070720672607422	2.1463685035705566	5.0099334716796875	3.7147412300109863	1.827984094619751	3.00685453414917	1.889456033706665	3.536937952041626	0.7659521102905273
4.540882110595703	0.6301015615463257	1.1000909805297852	4.273358345031738	2.5091733932495117	-3.644256591796875	3.094668388366699	-6.11148738861084	2.647639274597168	1.5745341777801514	-0.9682295322418213	2.3536386489868164	1.3113988637924194	3.877579689025879	4.136593341827393	0.8909192085266113	4.364324569702148	1.7253841161727905	3.478878974914551	1.5868966579437256	2.4178051948547363	1.2875351905822754	2.9545559883117676	0.3937525749206543	3.726742744445801	4.249586582183838	4.904445648193359	4.839113712310791	4.484770774841309	-14.129913330078125	1.3451701402664185	3.7722716331481934	4.325818061828613	3.135344982147217	1.5236822366714478	1.394423484802246	5.9221625328063965	1.898916244506836	4.739135265350342	2.7381911277770996	3.7261548042297363	-7.12746524810791	7.1671833992004395	-0.744438111782074	1.5164070129394531	10.038694381713867	4.705139636993408	0.4150441288948059	3.090219497680664	2.1409342288970947	3.9223403930664062	1.0255323648452759	2.623908758163452	4.541643142700195	5.611818313598633	3.662996292114258	-3.467581272125244	3.0254552364349365	8.49205493927002	0.5266985893249512	3.803953170776367	0.06711575388908386	2.395799160003662	3.0593743324279785	2.12961745262146	0.8814021348953247	1.8378891944885254	3.1536879539489746	3.290665626525879	1.9607317447662354	2.946737289428711	1.2043256759643555	5.685186862945557	2.093494415283203	2.326429605484009	2.030796766281128	3.6685078144073486	1.9813721179962158	3.588040351867676	1.172568440437317	2.4855544567108154	2.629894971847534	2.1036884784698486	2.6534903049468994	0.006228208541870117	5.499386310577393	2.2879414558410645	1.4148430824279785	3.1669559478759766	5.567757606506348	2.801337718963623	2.007801055908203	8.260546684265137	2.7737877368927	-0.6769106388092041	2.960355281829834	4.59110164642334	2.2206363677978516	4.159282207489014	3.0426833629608154	1.246155023574829	4.3354973793029785	1.9457679986953735	3.134711742401123	0.8993827104568481	4.907687664031982	1.0699644088745117	3.0722594261169434	4.097248554229736	2.336900234222412	1.998640537261963	1.240524411201477	0.8491756916046143	3.3940093517303467	4.855245590209961	2.136218547821045	1.459010124206543	3.2423882484436035	2.251955509185791	2.593766212463379	2.281799793243408	1.2032071352005005	1.58949613571167	6.7781877517700195	2.382159471511841	2.135528802871704	5.879417419433594	2.828948974609375
2.3169796466827393	2.6051485538482666	-0.4444432258605957	1.8302299976348877	3.023411989212036	-8.291498184204102	4.126565933227539	2.2422022819519043	0.04238772392272949	3.840338706970215	-3.5319533348083496	1.4671874046325684	4.644131660461426	1.9022252559661865	4.116591453552246	0.1185157299041748	0.7933144569396973	3.9997336864471436	1.897215723991394	3.7880187034606934	4.160650253295898	2.737377643585205	7.308017730712891	1.12076735496521	1.5248900651931763	3.7526516914367676	2.5511698722839355	2.178072929382324	7.541186332702637	-3.306086540222168	-0.05034518241882324	2.944875478744507	5.1492462158203125	2.3165719509124756	3.0103042125701904	6.518698692321777	1.951056957244873	5.279921054840088	9.502457618713379	1.8003573417663574	1.4527523517608643	1.0589996576309204	-1.1267714500427246	-0.6420438885688782	4.202066421508789	3.1732866764068604	2.8308238983154297	0.9569933414459229	3.224090099334717	1.866897463798523	2.1265039443969727	4.713977813720703	1.1287236213684082	2.520737648010254	2.4679243564605713	2.0497164726257324	-14.605386734008789	1.4784353971481323	2.653079032897949	2.137786388397217	5.328067779541016	2.7087206840515137	2.2358174324035645	9.442182540893555	3.3975841999053955	0.7920069694519043	2.7907700538635254	4.126962661743164	5.123802661895752	0.6590681076049805	2.358151435852051	2.012275457382202	2.591634750366211	3.068507194519043	4.028950214385986	3.406064510345459	5.881069183349609	3.6683361530303955	3.6441850662231445	3.568587303161621	3.4693965911865234	4.870647430419922	3.115884304046631	1.8672609329223633	6.525189399719238	4.036408424377441	0.8069093227386475	1.1808490753173828	4.120876789093018	3.539386749267578	1.1496117115020752	2.5211687088012695	-0.457247257232666	3.0346827507019043	-0.9122294187545776	0.6648545265197754	4.3929595947265625	10.45666790008545	3.2569291591644287	1.5207006931304932	1.921403169631958	4.227157115936279	4.957172870635986	3.2165157794952393	2.1607141494750977	1.6186511516571045	4.940330505371094	3.8913354873657227	3.507561683654785	5.073352336883545	3.893000841140747	0.4351038932800293	4.8536248207092285	5.537064552307129	0.5961399078369141	2.9388327598571777	4.290948867797852	2.451530933380127	3.4382009506225586	3.035787582397461	0.6848998069763184	0.7475640773773193	1.2157049179077148	2.142245292663574	2.0078723430633545	5.693051815032959	3.1432366371154785	1.149540662765503
1.3021049499511719	0.8730531930923462	1.000687599182129	2.9474692344665527	1.4967107772827148	-14.962900161743164	4.630462646484375	3.7142534255981445	1.667607069015503	2.218770980834961	0.36388853192329407	0.20952367782592773	1.8044201135635376	1.2674565315246582	3.350923538208008	2.738238573074341	0.42629456520080566	-0.6761796474456787	0.30301427841186523	8.807897567749023	2.010934352874756	3.4866886138916016	9.25749397277832	2.779113292694092	0.2159785032272339	1.2284936904907227	2.1233296394348145	3.6053004264831543	8.112802505493164	-5.638561725616455	2.9858715534210205	6.662741184234619	8.524105072021484	2.068779945373535	3.234604835510254	6.517808437347412	2.1164772510528564	3.905884265899658	7.737608909606934	3.306520462036133	0.5606583952903748	4.041478157043457	-3.793471336364746	-0.6588742136955261	1.2241535186767578	0.06034135818481445	1.2570533752441406	-11.49107837677002	1.2722976207733154	2.7558841705322266	-0.3214097023010254	3.079033136367798	3.2843241691589355	5.540430068969727	1.4763391017913818	2.4964077472686768	-23.553739547729492	2.621171712875366	1.4887468814849854	-1.4065825939178467	7.424832344055176	-0.6181449890136719	0.8892157077789307	8.185511589050293	2.3292102813720703	1.9963717460632324	3.7193470001220703	3.866586208343506	8.991600036621094	1.565998911857605	1.9915063381195068	1.0655694007873535	6.1649394035339355	0.43848276138305664	4.39640474319458	0.6372542381286621	2.9786336421966553	-0.08176970481872559	1.183056354522705	4.463415145874023	0.7714242935180664	2.696918249130249	3.3505358695983887	1.7861263751983643	2.9294180870056152	-0.829077959060669	1.7164766788482666	1.1886515617370605	1.5001907348632812	4.041928291320801	0.9861760139465332	5.354689598083496	0.5110304355621338	1.4902892112731934	-0.8381956219673157	2.3559305667877197	1.5316343307495117	5.296408653259277	2.958376169204712	3.526705026626587	3.1966559886932373	1.9365732669830322	6.285391807556152	-0.25267934799194336	5.072832107543945	3.419058084487915	1.7329659461975098	1.4914722442626953	2.7662973403930664	2.5990238189697266	2.9540936946868896	0.7987444400787354	7.16944694519043	0.1948891282081604	4.824502944946289	2.3433473110198975	5.27746057510376	1.2645137310028076	4.962320804595947	2.489698648452759	3.018444776535034	1.7023429870605469	2.389045000076294	3.2426116466522217	0.6535137891769409	1.2116985321044922	2.588059663772583	1.3202567100524902
1.362511396408081	6.508579254150391	5.305575847625732	-0.17156243324279785	2.477234363555908	0.3570801019668579	2.4498603343963623	-26.992895126342773	0.5903031826019287	6.397501468658447	-1.6666392087936401	1.0284781455993652	5.6295671463012695	2.531212329864502	0.3185615539550781	1.5129296779632568	0.14178228378295898	1.7896335124969482	4.16602897644043	2.4988958835601807	3.7923026084899902	2.429166316986084	-14.562655448913574	0.7776551246643066	0.12713837623596191	5.6014275550842285	1.2069756984710693	6.2609076499938965	2.534057378768921	-17.23246955871582	5.113232612609863	3.5000133514404297	2.085287094116211	4.690130710601807	2.8718924522399902	0.5181868076324463	5.034107685089111	4.757430076599121	4.864316940307617	2.3331351280212402	6.229523658752441	0.1169472336769104	-0.3399362564086914	-1.090260624885559	1.865509033203125	0.19241571426391602	3.831775426864624	2.247368335723877	2.5667154788970947	3.342121124267578	1.11690354347229	3.6506497859954834	-1.0866665840148926	2.2292933464050293	3.5564308166503906	2.2741293907165527	9.939027786254883	1.6240179538726807	4.607309341430664	2.441901445388794	-0.7226768732070923	1.0469160079956055	4.379058837890625	1.1661086082458496	0.8304683566093445	1.681746482849121	5.14212703704834	3.258998394012451	1.7078826427459717	2.90329909324646	1.388688564300537	2.1710004806518555	2.8564720153808594	3.8725881576538086	2.6655282974243164	0.2111220359802246	1.7444777488708496	8.140345573425293	5.701664447784424	1.8966209888458252	1.7634761333465576	3.0507559776306152	0.44302576780319214	2.3334524631500244	2.3232274055480957	1.1879150867462158	0.3579425811767578	1.5373868942260742	0.22006916999816895	6.930974960327148	0.8966212272644043	3.0018582344055176	3.00373911857605	1.1888887882232666	-1.3387794494628906	1.2461912631988525	0.2853715419769287	1.5074518918991089	4.970468044281006	2.2912375926971436	2.1595921516418457	4.109260559082031	2.8928868770599365	2.3708853721618652	2.8059866428375244	0.22290897369384766	1.9961204528808594	2.803901195526123	3.8558878898620605	6.805142879486084	4.273584365844727	6.708292007446289	3.4089622497558594	3.941432476043701	3.652836561203003	6.297329425811768	4.6146039962768555	1.7168514728546143	1.12030029296875	6.386990547180176	13.84881591796875	0.5031464099884033	2.9341330528259277	4.126585960388184	6.250980377197266	1.2402749061584473	3.904083728790283	2.8080945014953613
4.29079532623291	2.8851921558380127	0.9192352294921875	4.641576766967773	0.6363160610198975	5.955867767333984	1.479773759841919	-13.668630599975586	0.7802162170410156	2.3118090629577637	-0.08703373372554779	1.308727741241455	2.4392476081848145	2.8920857906341553	-0.41533517837524414	1.3751368522644043	3.261181116104126	1.1877912282943726	1.7371324300765991	6.395271301269531	2.4157161712646484	1.8947696685791016	0.5813961029052734	1.3575754165649414	2.9289612770080566	4.293709754943848	3.5373263359069824	2.186607837677002	2.0476016998291016	0.23072737455368042	3.8092660903930664	3.8563220500946045	4.190577983856201	7.769969463348389	0.9030439853668213	3.9818148612976074	0.4618125557899475	1.0305142402648926	8.480569839477539	1.7145717144012451	3.573134422302246	3.453927993774414	-3.2305045127868652	-0.5944834351539612	1.6977512836456299	4.1514506340026855	4.632898807525635	1.7952852249145508	1.9459636211395264	2.1051268577575684	3.398416757583618	-0.25883960723876953	5.8440165519714355	7.283599853515625	4.437549591064453	2.97092866897583	-0.5132768750190735	2.087745189666748	-0.3135008215904236	2.1838200092315674	-5.8889570236206055	0.18620941042900085	2.045257568359375	2.98488712310791	-0.12319023907184601	-0.20239830017089844	6.311535358428955	4.718508720397949	3.018840789794922	0.3533172607421875	2.770606279373169	2.4841196537017822	3.718189239501953	3.0975775718688965	6.071948051452637	3.610278606414795	0.6539595127105713	2.2828264236450195	4.890876770019531	0.60611492395401	2.147864818572998	5.990811824798584	3.6895334720611572	5.082259654998779	3.8258473873138428	3.7811026573181152	5.587835311889648	2.3875808715820312	4.556565284729004	3.406376838684082	3.9082143306732178	4.806791305541992	2.590327262878418	1.57827889919281	-0.608320951461792	4.242487907409668	1.2838866710662842	3.8756003379821777	2.918459415435791	3.3558387756347656	6.229999542236328	2.438739061355591	3.8400468826293945	2.678030014038086	5.151434898376465	2.111734628677368	2.6797780990600586	2.4423437118530273	1.8745125532150269	6.683389186859131	1.566488265991211	1.8365411758422852	4.367377758026123	4.707752704620361	2.5376224517822266	2.2819464206695557	5.448772430419922	0.17930841445922852	3.7220418453216553	2.341392755508423	3.2442126274108887	1.1521456241607666	1.3508079051971436	3.3473362922668457	1.3024790287017822	2.3487420082092285	6.22661018371582	2.925093173980713
4.525752544403076	2.291527509689331	6.811788082122803	2.4737088680267334	1.8349053859710693	-1.3648864030838013	4.959163188934326	1.1375625133514404	2.333686113357544	2.726567268371582	-3.6677823066711426	4.126120567321777	3.704854965209961	2.4133903980255127	7.237836837768555	2.977801561355591	3.226252555847168	4.272467613220215	1.8810338973999023	2.6358377933502197	4.477471351623535	1.909773349761963	6.04442834854126	1.454622745513916	1.4050880670547485	1.1897826194763184	3.3164477348327637	4.090611934661865	5.2086381912231445	-0.09071564674377441	2.2221579551696777	2.441903829574585	2.335320472717285	0.9150669574737549	1.757446527481079	5.715007781982422	0.5096663236618042	5.180559158325195	5.260885715484619	3.0497946739196777	1.8723169565200806	-4.467766761779785	4.367537975311279	-0.8650916814804077	4.719165802001953	1.1453051567077637	1.9651042222976685	0.85430908203125	2.6017911434173584	0.7640881538391113	4.8631510734558105	2.523296356201172	2.0251920223236084	1.9570585489273071	3.8795247077941895	3.4629874229431152	-9.940652847290039	4.6164655685424805	0.25229883193969727	1.670394778251648	1.2305591106414795	3.419905185699463	1.7053723335266113	8.770103454589844	3.554457187652588	1.105589509010315	1.1601107120513916	5.1242547035217285	5.94503927230835	0.9194486141204834	1.4874203205108643	3.14119815826416	0.970766544342041	1.377408742904663	1.871103048324585	2.64495849609375	3.6775074005126953	1.3089357614517212	6.028143882751465	2.190223217010498	5.492870330810547	5.584415435791016	3.648033380508423	2.3147647380828857	2.7455344200134277	4.066930294036865	2.275149345397949	1.219254493713379	4.19054651260376	2.4404046535491943	3.5960960388183594	1.4879107475280762	4.990882396697998	3.047642230987549	-0.820767343044281	1.1578328609466553	6.152088165283203	3.7925562858581543	3.812763214111328	1.3942484855651855	1.5273611545562744	4.586070537567139	4.827235698699951	3.887908458709717	3.175652503967285	1.0316333770751953	3.147296905517578	3.4800543785095215	1.1748392581939697	3.763746500015259	3.5778698921203613	0.5563066005706787	1.3855395317077637	3.693145513534546	1.9924850463867188	3.2144548892974854	5.2574052810668945	3.097897529602051	3.121476173400879	4.193567276000977	1.5599483251571655	3.2923519611358643	3.2623672485351562	3.984668254852295	5.673394203186035	5.8308186531066895	1.03403902053833	5.916595458984375
0.6115820407867432	2.047638416290283	1.9465432167053223	5.190252304077148	3.4988927841186523	3.6289806365966797	0.17772817611694336	-1.0970371961593628	4.950202941894531	1.3599882125854492	1.131903052330017	2.387017250061035	3.2888145446777344	1.6341142654418945	2.317312479019165	2.3369359970092773	5.241555213928223	1.6843997240066528	2.3403701782226562	4.336767196655273	1.1861512660980225	0.45885443687438965	5.075654983520508	1.520331621170044	1.9118847846984863	3.645658493041992	7.210671424865723	4.034071922302246	1.8733519315719604	-12.676214218139648	1.9740735292434692	5.3933820724487305	3.11081600189209	4.140257835388184	1.124361276626587	2.5627787113189697	8.852311134338379	2.5743155479431152	3.7472305297851562	1.423168659210205	1.3522244691848755	4.827515125274658	-4.9759392738342285	-0.8654667735099792	2.487744092941284	1.2139606475830078	2.081425189971924	1.3177956342697144	2.119983196258545	2.1091175079345703	4.320125579833984	3.3772165775299072	5.053857803344727	4.5669708251953125	4.983989715576172	3.5398354530334473	-5.422398567199707	1.5999380350112915	9.30362319946289	2.3520355224609375	-3.5321967601776123	-0.9837647676467896	4.957268714904785	3.08996319770813	1.2385036945343018	0.607496976852417	5.497225284576416	6.039266586303711	1.4647407531738281	2.3736729621887207	1.2584986686706543	0.6130905151367188	2.454350709915161	5.295876979827881	4.202175617218018	2.2784876823425293	1.717372179031372	5.217368125915527	8.915366172790527	3.302328586578369	6.053864002227783	6.104705810546875	7.839612007141113	3.1704211235046387	2.6356382369995117	2.5391201972961426	6.166033744812012	0.19219636917114258	3.3048410415649414	3.006448745727539	1.6645770072937012	4.021536827087402	5.4584269523620605	3.8089704513549805	-1.0664335489273071	0.6804497241973877	1.9873172044754028	3.747176170349121	2.951383113861084	3.377423048019409	4.953768730163574	1.6286168098449707	4.493364334106445	3.726970672607422	6.877901077270508	1.5282726287841797	1.4179787635803223	1.5857632160186768	1.6907906532287598	3.624330759048462	1.3125510215759277	1.559079647064209	5.070855140686035	2.1393587589263916	2.4440133571624756	1.9905173778533936	5.35400390625	3.022853374481201	1.672419548034668	2.3499674797058105	1.232596755027771	1.0873034000396729	2.5165927410125732	0.8918039798736572	2.7359282970428467	3.3979873657226562	3.823627471923828	2.6740829944610596
3.9134953022003174	4.634554386138916	3.2901053428649902	1.841843843460083	5.041195392608643	2.375433921813965	0.5539669990539551	1.2601577043533325	1.2525594234466553	2.419912099838257	-1.291316032409668	3.8627817630767822	1.6971744298934937	3.030407428741455	1.1058604717254639	3.7063980102539062	4.889042377471924	1.6170905828475952	3.2210748195648193	6.005911350250244	5.204999923706055	5.286093711853027	-1.4903285503387451	1.535468339920044	5.691831111907959	3.858736991882324	2.6867377758026123	2.6802167892456055	4.689803123474121	3.1563549041748047	2.8711318969726562	2.067641496658325	4.211042881011963	5.3502702713012695	2.592486619949341	4.25429630279541	-1.1101082563400269	4.097868919372559	1.525604486465454	4.678296089172363	2.0069212913513184	-5.0058770179748535	5.351462364196777	-0.6265352368354797	2.0243091583251953	6.696205139160156	5.965717315673828	1.5532472133636475	2.599651336669922	1.464260458946228	1.9801506996154785	1.995009422302246	4.750467300415039	3.438354015350342	1.7511965036392212	1.821458101272583	1.6533632278442383	5.887514114379883	-2.5946671962738037	1.6306571960449219	-2.072587251663208	1.8899526596069336	4.100437164306641	6.168051719665527	0.8961350321769714	0.4483107924461365	1.6516410112380981	4.036410808563232	6.044365882873535	4.051155090332031	3.7308874130249023	2.662055015563965	3.0616722106933594	3.562601327896118	3.420461893081665	4.000114917755127	1.2698028087615967	5.384636878967285	2.0859363079071045	3.0399608612060547	0.8162822723388672	4.261264801025391	2.2891757488250732	4.956672668457031	1.3616963624954224	4.0302510261535645	2.8523898124694824	1.9574034214019775	3.241379737854004	1.7458624839782715	3.8747241497039795	2.2146077156066895	4.480709075927734	4.200658321380615	-0.3788221776485443	5.776887893676758	3.8751916885375977	4.389561176300049	3.9159693717956543	3.5022170543670654	3.756809949874878	2.3312878608703613	0.8659220933914185	2.6217620372772217	2.2584385871887207	3.475785970687866	2.2524964809417725	2.17110013961792	1.82478928565979	2.813039779663086	3.4227888584136963	0.8431856632232666	2.5161101818084717	4.576514720916748	3.010242462158203	3.3470988273620605	1.6040542125701904	2.3821828365325928	1.2239022254943848	1.3829286098480225	2.330275535583496	5.044596195220947	4.023034572601318	1.7895097732543945	5.337433815002441	2.0543434619903564	1.8695216178894043	0.39377260208129883
4.407918453216553	5.771672248840332	1.7685444355010986	3.5792510509490967	2.7671566009521484	1.5999728441238403	0.18362188339233398	-43.435028076171875	2.4278533458709717	1.9588329792022705	-2.7134475708007812	0.6698729991912842	3.943300247192383	3.48203706741333	2.8289568424224854	0.4604318141937256	2.1700472831726074	3.169234275817871	1.667687177658081	3.0249414443969727	2.4865775108337402	3.781339168548584	-2.9410696029663086	1.7711987495422363	1.7909622192382812	3.842103958129883	0.45889782905578613	6.462484836578369	1.7159581184387207	-21.404888153076172	4.602519512176514	1.3276408910751343	3.1558010578155518	4.844180107116699	0.8255147933959961	1.7606966495513916	8.910409927368164	0.578467845916748	6.895047664642334	1.112961769104004	11.551300048828125	5.50891637802124	-5.8128437995910645	-1.0172501802444458	3.0363759994506836	4.469057083129883	1.1534233093261719	3.4006733894348145	1.174166202545166	1.0937659740447998	1.3622182607650757	7.423883438110352	-0.7664813995361328	1.4881494045257568	2.2746763229370117	0.9364662170410156	3.17514705657959	1.193117618560791	10.222594261169434	1.674445629119873	-1.9659497737884521	2.967101573944092	2.5753402709960938	4.177048206329346	3.428992748260498	0.5924797654151917	3.82147216796875	4.4735107421875	1.1240181922912598	2.89483642578125	1.4056751728057861	2.0017950534820557	3.6048285961151123	1.8752131462097168	1.9429726600646973	1.0541648864746094	2.644162178039551	5.626018524169922	3.9016435146331787	5.625194549560547	0.2154684066772461	4.848386287689209	3.8058884143829346	1.790982961654663	7.852640151977539	3.921877384185791	1.2249436378479004	2.7304584980010986	1.759136438369751	6.380534648895264	1.2098309993743896	2.1766304969787598	1.9697706699371338	3.3127903938293457	-1.1250369548797607	4.176458358764648	3.040328025817871	4.943106651306152	1.9784172773361206	0.8041489124298096	6.096372604370117	3.418781280517578	0.7482621669769287	2.801994800567627	4.076430320739746	0.255521297454834	4.249578952789307	3.1205532550811768	4.988672256469727	6.425515651702881	1.9822769165039062	1.6110581159591675	3.3322136402130127	4.3660101890563965	0.3267548084259033	1.8941926956176758	1.323378562927246	1.8111577033996582	2.9912068843841553	3.586299180984497	10.099100112915039	0.1791090965270996	3.6218912601470947	1.9288866519927979	0.2765618562698364	5.560845375061035	3.1318533420562744	-0.08572721481323242
4.569568634033203	2.296793222427368	5.366959571838379	3.2886149883270264	4.14693546295166	-2.0522260665893555	3.773841619491577	1.5316280126571655	3.6994330883026123	0.5126798152923584	-1.103069543838501	5.61853551864624	1.6364408731460571	5.635669231414795	6.324481010437012	2.450338840484619	3.964325428009033	4.794083118438721	4.855093002319336	4.8946309089660645	2.044254779815674	2.135053873062134	2.034576177597046	2.9431562423706055	3.9376533031463623	0.3166985511779785	7.2932257652282715	4.318428039550781	5.5858964920043945	-3.0046892166137695	2.315335273742676	2.128281593322754	3.6280758380889893	0.6498045921325684	2.2629756927490234	3.2331902980804443	2.377230167388916	2.0075061321258545	2.456378936767578	3.687840223312378	0.7542213201522827	-4.980928897857666	4.963712692260742	-0.7303161025047302	8.845660209655762	4.123454570770264	4.1206583976745605	0.4775005578994751	1.6326608657836914	2.1208205223083496	0.7327228784561157	2.7811129093170166	2.5529544353485107	3.0735068321228027	1.0794079303741455	5.133273124694824	-2.3468470573425293	1.6802297830581665	2.745400905609131	1.381784439086914	2.0835721492767334	1.1423990726470947	2.849553346633911	6.647454738616943	6.102286338806152	0.7240762710571289	1.725372552871704	1.729193925857544	4.617189407348633	1.212376356124878	3.1948251724243164	2.213263988494873	2.7424654960632324	3.0717620849609375	2.9989476203918457	3.978078842163086	4.646091461181641	2.0269618034362793	1.5039310455322266	1.3359626531600952	4.599790096282959	3.3814585208892822	1.580695390701294	1.4748255014419556	1.7977147102355957	4.559937477111816	2.63582706451416	0.4037799835205078	2.505594253540039	2.6788761615753174	4.4501214027404785	1.2555184364318848	3.994910717010498	3.3232462406158447	-0.6603974103927612	1.5117461681365967	3.4122774600982666	2.0735278129577637	4.553117752075195	1.352506160736084	1.7423633337020874	2.691817045211792	1.8029948472976685	6.379019260406494	2.405756711959839	3.4903745651245117	4.134817600250244	2.9259464740753174	2.307889461517334	3.4569621086120605	4.5312886238098145	1.2247978448867798	2.3194265365600586	2.87216854095459	1.92513906955719	1.8538768291473389	3.1129631996154785	5.55552864074707	2.61862850189209	1.8020596504211426	2.293564796447754	2.587068796157837	1.1625463962554932	3.227829933166504	3.4487411975860596	3.0675439834594727	5.1764702796936035	2.5422520637512207
6.357240676879883	3.082613468170166	0.6091880798339844	2.1450905799865723	3.7690279483795166	-6.814397811889648	2.485971450805664	-9.425026893615723	2.7869246006011963	1.5360324382781982	-0.24351847171783447	2.0848333835601807	0.3572186231613159	8.293702125549316	1.8526384830474854	2.40114164352417	3.4479775428771973	1.8636671304702759	1.0020318031311035	1.9663927555084229	1.578192949295044	2.024837017059326	3.7674007415771484	1.8228158950805664	1.6551176309585571	2.7012321949005127	3.0428829193115234	5.215433120727539	2.8864669799804688	-12.616637229919434	2.34861159324646	3.969825267791748	4.362362384796143	1.5762256383895874	1.5134097337722778	0.8934519290924072	5.8094282150268555	1.673013687133789	1.6751694679260254	3.093862771987915	5.433722496032715	1.3267298936843872	-1.32621431350708	-0.3477940559387207	2.8055624961853027	9.82980728149414	2.7535111904144287	-0.04908335208892822	3.303788900375366	0.8573060035705566	8.207763671875	1.9421360492706299	2.1469645500183105	3.6474242210388184	2.3124446868896484	2.8500611782073975	-6.201702117919922	1.8237216472625732	4.921328067779541	1.9058446884155273	5.335356712341309	0.009560078382492065	2.228949785232544	5.850395202636719	2.092097282409668	1.7121596336364746	0.9619355201721191	5.079006671905518	4.713265895843506	2.9202988147735596	2.754598617553711	1.7361280918121338	7.118608474731445	2.2119648456573486	2.304971218109131	1.1177222728729248	1.3878016471862793	-0.6082442998886108	4.172154903411865	6.420133590698242	4.481670379638672	1.8983114957809448	3.6650984287261963	7.99858283996582	2.4705986976623535	4.083146095275879	4.3654561042785645	2.2093329429626465	2.148717164993286	8.32907772064209	3.218323230743408	2.354907989501953	4.481156826019287	2.165930986404419	-0.8738405704498291	3.996220588684082	4.821411609649658	-0.5088052749633789	3.7760961055755615	4.226589679718018	2.602386474609375	3.5820727348327637	0.4200785160064697	1.7933242321014404	3.5311872959136963	4.188691139221191	1.673429012298584	-0.04058384895324707	2.0871403217315674	3.0090787410736084	0.9818873405456543	2.0640852451324463	4.296835422515869	5.122958183288574	2.36038875579834	2.375771999359131	1.2738473415374756	1.8228271007537842	2.954082727432251	0.25875014066696167	4.6256937980651855	1.1416096687316895	4.2059006690979	2.5207300186157227	2.0072808265686035	2.466278076171875	1.502943754196167	2.8975119590759277
5.116796493530273	6.019750595092773	5.172612190246582	1.8787448406219482	4.79721736907959	2.3666415214538574	1.8955435752868652	0.692024827003479	0.8549766540527344	0.6776995658874512	-2.6971871852874756	3.0241007804870605	4.208445072174072	3.897385597229004	2.0194501876831055	2.4810121059417725	3.1154685020446777	3.566885471343994	3.481717824935913	4.5421648025512695	5.901751518249512	6.5114593505859375	-2.9602904319763184	1.7394776344299316	6.038957595825195	2.8298466205596924	0.743187427520752	5.9912824630737305	4.490822792053223	3.2962498664855957	2.5331735610961914	4.733031272888184	3.4695029258728027	3.3451051712036133	3.519207000732422	3.609616994857788	-1.1670843362808228	2.8230834007263184	4.389054298400879	2.189962387084961	3.275249481201172	-7.776298999786377	7.865976333618164	-0.9390564560890198	4.205423831939697	5.952694416046143	6.2712507247924805	1.293254017829895	4.329845428466797	1.1709794998168945	4.0794997215271	1.6610426902770996	3.1909496784210205	4.403432846069336	2.5256147384643555	1.8852612972259521	3.1175787448883057	5.4630842208862305	-2.4600932598114014	1.1464651823043823	-2.3418421745300293	3.0112619400024414	5.003203392028809	5.413863182067871	2.2617733478546143	1.4844200611114502	2.5341758728027344	5.158992290496826	4.858283042907715	1.428173542022705	2.268190383911133	2.403503894805908	3.379505157470703	1.6734094619750977	1.2155241966247559	3.6905250549316406	2.2631454467773438	4.621299743652344	5.395336627960205	3.328904628753662	0.7241888046264648	4.346925258636475	3.649284601211548	4.409379005432129	3.445472240447998	3.0258307456970215	2.2149362564086914	3.0787181854248047	3.367845296859741	1.5068469047546387	4.484811782836914	1.622948408126831	2.4185726642608643	2.958693027496338	-0.7380035519599915	3.9297494888305664	2.9402339458465576	8.522153854370117	4.872210502624512	3.0605576038360596	2.7073874473571777	1.6125836372375488	1.0829638242721558	2.6709821224212646	1.6564829349517822	2.9194397926330566	0.03758573532104492	1.6202013492584229	1.906036138534546	5.185393333435059	1.5436105728149414	2.2590503692626953	1.8196115493774414	7.046512126922607	1.6668115854263306	6.404834270477295	-0.060199737548828125	4.549001693725586	0.4287538528442383	2.590320110321045	2.2151172161102295	4.410715579986572	2.684560775756836	2.86320161819458	7.269723892211914	2.116041421890259	1.533379077911377	0.7065458297729492
5.710738658905029	4.519200325012207	4.823430061340332	0.9919846057891846	4.952149391174316	-1.9850114583969116	1.7581305503845215	1.5099177360534668	2.123124122619629	1.1861872673034668	-3.639554023742676	5.160304546356201	4.3186798095703125	4.853378772735596	3.7631912231445312	1.510460376739502	3.5450358390808105	6.411983966827393	4.167003154754639	5.428531169891357	2.824615955352783	2.2387938499450684	3.3679404258728027	3.1839439868927	3.5058438777923584	1.8816754817962646	1.6013481616973877	3.468632221221924	7.260036945343018	-0.4469531774520874	1.0334630012512207	2.0219762325286865	1.3375132083892822	2.2425217628479004	1.7644667625427246	3.9710934162139893	1.1483614444732666	2.9669981002807617	6.2041449546813965	3.600407600402832	1.0571963787078857	-3.5368590354919434	3.3828370571136475	-0.8003504872322083	8.026991844177246	3.8596572875976562	3.6455750465393066	1.252410650253296	2.741633653640747	2.5985443592071533	2.321847915649414	2.129070281982422	2.3303167819976807	1.2320456504821777	2.814384937286377	3.166810989379883	-5.250826358795166	2.399010181427002	0.5603299140930176	2.253117322921753	1.9804348945617676	3.363065719604492	6.169245719909668	7.075954437255859	3.9282031059265137	1.1837537288665771	0.7213523387908936	3.570014476776123	4.153806686401367	1.9934958219528198	2.5386667251586914	1.8137297630310059	3.3988747596740723	3.305534601211548	1.9610486030578613	4.63083553314209	4.460217475891113	2.778775930404663	3.0776214599609375	0.7152619361877441	1.7608110904693604	2.9283952713012695	2.814556121826172	1.509820818901062	5.844630241394043	4.388800621032715	1.4734785556793213	3.1769251823425293	2.787775993347168	0.6051731109619141	4.934391498565674	1.3336360454559326	1.2476778030395508	2.218553066253662	-0.8416049480438232	1.6560285091400146	1.9500994682312012	4.857943058013916	3.277881622314453	1.192685604095459	1.7310371398925781	2.734671115875244	1.9418407678604126	5.5253705978393555	3.1139328479766846	2.3110764026641846	5.388792514801025	5.5784912109375	5.209416389465332	4.869866847991943	5.324883460998535	2.2468910217285156	1.4907259941101074	6.023514270782471	0.7875659465789795	2.8164854049682617	1.8517827987670898	4.045577526092529	2.576134443283081	4.801314353942871	1.2588136196136475	3.4150497913360596	3.3777873516082764	1.920609951019287	3.5500383377075195	5.394935131072998	3.3759517669677734	2.777045965194702
